id,category,score,max_score,title,hrefvalue
1,1,100,100,受講マニュアル「Lesson1. テックキャンプの体験価値」_確認テスト,https://master.tech-camp.in/expert_exam_questions/sRIezgLlnD8P69kodlCO/expert_exam_responses/new
2,1,100,100,受講マニュアル「Lesson2. テックキャンプの学習生活」_確認テスト,https://master.tech-camp.in/expert_exam_questions/7LizoVT3oDExMC6Fbus2/expert_exam_responses/new
3,1,100,100,受講マニュアル「Lesson3. 時間割学習マニュアル」_確認テスト（第2版）,https://master.tech-camp.in/expert_exam_questions/6zoUISfWHq33SkuolrQU/expert_exam_responses/new
4,1,100,100,受講マニュアル「Lesson4. テックキャンプの学習マネジメント」_確認テスト,https://master.tech-camp.in/expert_exam_questions/pKVybQawJCoA9k71An2O/expert_exam_responses/new
5,1,100,100,受講マニュアル「Lesson5. 受講上のルール」_確認テスト（第2版）,https://master.tech-camp.in/expert_exam_questions/dPdP5lqWIP9ZMfkGSNrE/expert_exam_responses/new
6,2,10,10,【練習問題 HTMLとCSS】HTMLとCSSの概要,https://master.tech-camp.in/expert_exam_questions/xzy5jlQngrP6CYxpEBXJ/expert_exam_responses/new
7,2,10,10,【練習問題 HTMLとCSS】最低限のHTMLの文法を学ぼう,https://master.tech-camp.in/expert_exam_questions/xkRYdull2XKQB3GWIjpv/expert_exam_responses/new
8,2,10,10,【練習問題 HTMLとCSS】最低限のCSSの文法を学ぼう,https://master.tech-camp.in/expert_exam_questions/JjgvTjuNPNYA5hCcuCHD/expert_exam_responses/new
9,4,10,10,【定着ドリル】 HTMLとCSSの役割,https://master.tech-camp.in/expert_exam_questions/unWVnK7HYyvGaVzBKOJc/expert_exam_responses/new
10,2,10,10,【練習問題 HTMLとCSS】HTMLの構造を学ぼう,https://master.tech-camp.in/expert_exam_questions/iDjyWEfO98LgX8djueiI/expert_exam_responses/new
11,2,10,10,【練習問題 HTMLとCSS】Flexboxの使い方を学ぼう,https://master.tech-camp.in/expert_exam_questions/6qbzh4cwF6p3H0h9dNmN/expert_exam_responses/new
12,2,10,10,【練習問題 HTMLとCSS】２つの要素の間に幅を作る方法を学ぼう,https://master.tech-camp.in/expert_exam_questions/KONazCRPkRslg7DurmsU/expert_exam_responses/new
13,2,0,10,【練習問題 HTMLとCSS】要素の位置を指定する方法を学ぼう,https://master.tech-camp.in/expert_exam_questions/ZRcC7xTiFiyPkbhvQUm8/expert_exam_responses/new
14,2,10,10,【練習問題 HTMLとCSS】要素の位置を指定する方法を学ぼう,https://master.tech-camp.in/expert_exam_questions/ZRcC7xTiFiyPkbhvQUm8/expert_exam_responses/new
15,2,9,10,【練習問題 HTMLとCSS】画像の表示について学ぼう,https://master.tech-camp.in/expert_exam_questions/uuN6sWN3c8DXJRioJsJb/expert_exam_responses/new
16,5,0,10,【練習問題 HTMLとCSS】フォームの実装について学ぼう,https://master.tech-camp.in/expert_exam_questions/3mkztZZs1gOLtk3vNfbU/expert_exam_responses/new
17,5,0,10,【練習問題 HTMLとCSS】フォームの実装について学ぼう,https://master.tech-camp.in/expert_exam_questions/3mkztZZs1gOLtk3vNfbU/expert_exam_responses/new
18,5,10,10,【練習問題 HTMLとCSS】フォームの実装について学ぼう,https://master.tech-camp.in/expert_exam_questions/3mkztZZs1gOLtk3vNfbU/expert_exam_responses/new
19,2,10,10,【練習問題 HTML/CSS】基本のWebページを作ろう1,https://master.tech-camp.in/expert_exam_questions/p6LLFQLRxxGUzWL6vlPE/expert_exam_responses/new
20,2,0,10,【練習問題 HTMLとCSS】基本のWebページを作ろう2,https://master.tech-camp.in/expert_exam_questions/uEvLgrjZQFIDsuk04Xge/expert_exam_responses/new
21,2,10,10,【練習問題 HTMLとCSS】基本のWebページを作ろう2,https://master.tech-camp.in/expert_exam_questions/uEvLgrjZQFIDsuk04Xge/expert_exam_responses/new
22,5,8,10,【定着ドリル HTML・CSS】最低限のHTMLの文法を学ぼう,https://master.tech-camp.in/expert_exam_questions/ym7AaOFxX9M4uX9rNN3K/expert_exam_responses/new
23,5,6,10,【定着ドリル HTML・CSS】最低限のCSSの文法を学ぼう,https://master.tech-camp.in/expert_exam_questions/oY6GpjnAiiTl8F0nU4QL/expert_exam_responses/new
24,5,10,10,【定着ドリル HTML・CSS】HTMLの構造を学ぼう,https://master.tech-camp.in/expert_exam_questions/mBxDw7HLDqw53JVP1YmY/expert_exam_responses/new
25,5,3,10,【定着ドリル HTML・CSS】FlexBoxの使い方を学ぼう,https://master.tech-camp.in/expert_exam_questions/1oG5F27u7IT7VL4DgvW3/expert_exam_responses/new
26,5,10,10,【練習問題 CLI操作とLinuxコマンド】ターミナルによるCLI操作を学ぼう,https://master.tech-camp.in/expert_exam_questions/W70GuW7stRzYcMiQUXIN/expert_exam_responses/new
27,5,5,10,【練習問題 CLI操作とLinuxコマンド】Linuxコマンドについて学ぼう,https://master.tech-camp.in/expert_exam_questions/mCygtL9m0amQkzXCnuLJ/expert_exam_responses/new
28,5,10,10,【練習問題 Ruby】プログラミング言語に触れてみよう①,https://master.tech-camp.in/expert_exam_questions/B3h6cqTMSuHKgyH8VIYQ/expert_exam_responses/new
29,5,10,10,【練習問題 Ruby】プログラミング言語に触れてみよう②,https://master.tech-camp.in/expert_exam_questions/umAww9wOpbj9GVQ0LJqV/expert_exam_responses/new
30,5,0,10,【練習問題 Ruby】文字列と数値を使おう①,https://master.tech-camp.in/expert_exam_questions/EA93gDj7Lh5PSGAoUIuE/expert_exam_responses/new
31,5,8,10,【練習問題 Ruby】値に名前をつけて使おう①,https://master.tech-camp.in/expert_exam_questions/9OSwA3vFSaurYVmr32Ez/expert_exam_responses/new
32,5,10,10,【練習問題 Ruby】ターミナルで入力と出力をしよう①,https://master.tech-camp.in/expert_exam_questions/WztLGOXfcTi7JAB5YQCM/expert_exam_responses/new
33,5,8,10,【練習問題 Ruby】情報を順番で管理して1つにまとめよう①,https://master.tech-camp.in/expert_exam_questions/UPf6wx5XETXq0pUE6cWR/expert_exam_responses/new
34,5,10,10,【練習問題 Ruby】情報を順番で管理して1つにまとめよう②,https://master.tech-camp.in/expert_exam_questions/jxSL12uEtCSTco5w506O/expert_exam_responses/new
35,5,7,10,【定着ドリル HTML・CSS】2つの要素の間に幅を作る方法を学ぼう,https://master.tech-camp.in/expert_exam_questions/o8dDW6XkxHHeo5CVrPlh/expert_exam_responses/new
36,5,10,10,【定着ドリル HTML・CSS】要素の位置を指定する方法について振り返ろう,https://master.tech-camp.in/expert_exam_questions/GaURUwN2gqtehrkeHHzH/expert_exam_responses/new
37,5,5,10,【定着ドリル HTML・CSS】画像の表示について学ぼう,https://master.tech-camp.in/expert_exam_questions/laolRQXEkZRfxLEz72gZ/expert_exam_responses/new
38,5,10,10,【定着ドリル HTML・CSS】フォームの実装について学ぼう,https://master.tech-camp.in/expert_exam_questions/wZP8qBUOoIos13ABGdUr/expert_exam_responses/new
39,5,0,10,【練習問題 Ruby】複数の値に名前をつけて1つにまとめよう①,https://master.tech-camp.in/expert_exam_questions/AApA3xB7Ceh4gkvxA1Oz/expert_exam_responses/new
40,5,0,10,【練習問題 Ruby】複数の値に名前をつけて1つにまとめよう①,https://master.tech-camp.in/expert_exam_questions/AApA3xB7Ceh4gkvxA1Oz/expert_exam_responses/new
41,5,4,10,【練習問題 Ruby】条件分岐処理をしよう①,https://master.tech-camp.in/expert_exam_questions/xFSXo4uDzaKDEcC2GdTW/expert_exam_responses/new
42,4,10,10,【練習問題 Ruby】繰り返し処理をしよう①,https://master.tech-camp.in/expert_exam_questions/RHi83QvabBDLl8jtMuQS/expert_exam_responses/new
43,5,2,10,【練習問題 Ruby】繰り返し処理をしよう②,https://master.tech-camp.in/expert_exam_questions/AIDwWOv9tw4V9UjirrA5/expert_exam_responses/new
44,5,8,10,【練習問題 Ruby】処理に名前をつけて使おう①,https://master.tech-camp.in/expert_exam_questions/dEzM1X6JIK4CfgT80ZIm/expert_exam_responses/new
45,5,6,10,【練習問題 Ruby】データの元となる設計図を作ろう①,https://master.tech-camp.in/expert_exam_questions/9LhQIAU3YXCsFfwaNevk/expert_exam_responses/new
46,5,10,10,【練習問題 Ruby】データの元となる設計図を作ろう②,https://master.tech-camp.in/expert_exam_questions/pscgKWenkH7xSUZLl6e5/expert_exam_responses/new
47,5,10,10,【練習問題 Ruby】クラスとインスタンスを使って実装しよう①,https://master.tech-camp.in/expert_exam_questions/gbFN5S8l1FVrwKPBAkWw/expert_exam_responses/new
48,5,10,10,【練習問題 Ruby】クラスとインスタンスを使って実装しよう②,https://master.tech-camp.in/expert_exam_questions/DzZDt73hdsPB5mc0WYyD/expert_exam_responses/new
49,5,5,10,【練習問題 Ruby】クラスとインスタンスを使って実装しよう③,https://master.tech-camp.in/expert_exam_questions/OR5lToGvCoCj7c4spk2T/expert_exam_responses/new
50,5,6,10,【練習問題 Webアプリケーション基礎】Webアプリケーションの概要を学ぼう,https://master.tech-camp.in/expert_exam_questions/zsq1OkRxxKzeHmwSPGO1/expert_exam_responses/new
51,5,10,10,【練習問題 Webアプリケーション基礎】リクエストとレスポンスを学ぼう,https://master.tech-camp.in/expert_exam_questions/0iZtxnHfrDZnUm1cdi7v/expert_exam_responses/new
52,5,8,10,【練習問題 Webアプリケーション基礎】クライアントサイド・サーバーサイドを学ぼう,https://master.tech-camp.in/expert_exam_questions/iyLTupF8QOwXtbsQLAkZ/expert_exam_responses/new
53,5,2,10,【練習問題 Webアプリケーション基礎】サーバーを動かしてみよう,https://master.tech-camp.in/expert_exam_questions/PLXfbgxW6YpUcFMt0cFF/expert_exam_responses/new
54,5,10,10,【練習問題 Webアプリケーション基礎】Rubyの主要フレームワークを知ろう,https://master.tech-camp.in/expert_exam_questions/pPi24mTgErjlA7fsZJ0p/expert_exam_responses/new
55,5,10,10,【練習問題 Ruby on Rails】Webアプリケーションの雛形を作ろう,https://master.tech-camp.in/expert_exam_questions/t5UJF66KRZc3JHdAivNR/expert_exam_responses/new
56,5,10,10,【定着ドリル HTML・CSS】フォームの実装について学ぼう,https://master.tech-camp.in/expert_exam_questions/wZP8qBUOoIos13ABGdUr/expert_exam_responses/new
57,5,10,10,【定着ドリル HTML・CSS】基本のWebページを作ろう,https://master.tech-camp.in/expert_exam_questions/mTAwfD3iKXBi4bVIzRHp/expert_exam_responses/new
58,5,9,10,【定着ドリル CLI操作とLinuxコマンド】ターミナルによるCLI操作を学ぼう,https://master.tech-camp.in/expert_exam_questions/Ryz68080axuxzf7YYXmF/expert_exam_responses/new
59,5,7,10,【定着ドリル CLI操作とLinuxコマンド】Linuxコマンドについて学ぼう,https://master.tech-camp.in/expert_exam_questions/EshXSru0CUraex5dhzcU/expert_exam_responses/new
60,5,10,10,【定着ドリル Ruby】プログラミング言語に触れてみよう,https://master.tech-camp.in/expert_exam_questions/mJclqbYQUyrzdQBaJTSD/expert_exam_responses/new
61,4,10,10,【定着ドリル Ruby】文字列と数値を使おう,https://master.tech-camp.in/expert_exam_questions/wVfaBiQ9FAvI4aHnUvsd/expert_exam_responses/new
62,5,10,10,【定着ドリル Ruby】値に名前をつけて使おう,https://master.tech-camp.in/expert_exam_questions/n7Ptxe8uXw9XC7kNNyJm/expert_exam_responses/new
63,5,7,10,【練習問題 Ruby on Rails】リクエストに対応する処理を決めよう,https://master.tech-camp.in/expert_exam_questions/OFyxhnx6UeYFptPcNR8W/expert_exam_responses/new
64,5,7,10,【練習問題 Ruby on Rails】リクエストに対応する処理を作ろう,https://master.tech-camp.in/expert_exam_questions/v7P45Ki8d8AluoyGEZ3x/expert_exam_responses/new
65,5,8,10,【練習問題 Ruby on Rails】レスポンスに使う見た目を作ろう,https://master.tech-camp.in/expert_exam_questions/DCof6UpWhiWIWelxznl7/expert_exam_responses/new
66,5,9,10,【練習問題 Ruby on Rails】データの保存場所と管理役を作ろう,https://master.tech-camp.in/expert_exam_questions/Ig0Y08ybDuPc9ELwvFr5/expert_exam_responses/new
67,5,10,10,【練習問題 Ruby on Rails】データを保存しよう,https://master.tech-camp.in/expert_exam_questions/LeRjH2wApyITpbfRUlRR/expert_exam_responses/new
68,5,10,10,【定着ドリル Ruby】ターミナルで入力と出力をしよう,https://master.tech-camp.in/expert_exam_questions/UKAQsXgR6RKsQELvKBxx/expert_exam_responses/new
69,5,10,10,【定着ドリル Ruby】情報を順番に管理して1つにまとめよう,https://master.tech-camp.in/expert_exam_questions/cEw3Rrd17uHsl0UTZnCn/expert_exam_responses/new
70,4,10,10,【定着ドリル】 HTMLとCSSの役割,https://master.tech-camp.in/expert_exam_questions/unWVnK7HYyvGaVzBKOJc/expert_exam_responses/new
71,5,8,10,【定着ドリル Ruby】複数の値に名前をつけて1つにまとめる,https://master.tech-camp.in/expert_exam_questions/7QsBa5dQ6zn7CGrWTmOo/expert_exam_responses/new
72,5,10,10,【定着ドリル Ruby】条件分岐をしよう,https://master.tech-camp.in/expert_exam_questions/SPphhanRGFChv7lf4ama/expert_exam_responses/new
73,5,10,10,【定着ドリル Ruby】繰り返し処理をしよう,https://master.tech-camp.in/expert_exam_questions/MPQae2mXMkh1nAIPYXqq/expert_exam_responses/new
74,3,10,10,【定着ドリル Ruby】処理に名前をつけて使おう,https://master.tech-camp.in/expert_exam_questions/xGkuLwH45jF4DDCpFGoP/expert_exam_responses/new
75,4,10,10,【定着ドリル Rails】データの元となる設計図を作ろう,https://master.tech-camp.in/expert_exam_questions/NZ1BAJeiXE3ExIFqzloz/expert_exam_responses/new
76,5,7,10,【定着ドリル Ruby】クラスとインスタンスを使って実装しよう,https://master.tech-camp.in/expert_exam_questions/olCJ2Qow3A3oJyyS8xYU/expert_exam_responses/new
77,4,10,10,【定着ドリル Rails】Webアプリケーションの概要を学ぼう,https://master.tech-camp.in/expert_exam_questions/CwNw89bVWekM93G3Igjb/expert_exam_responses/new
78,5,10,10,【定着ドリル Rails】リクエストとレスポンスを学ぼう,https://master.tech-camp.in/expert_exam_questions/2ZCqTaS87RpJses6yxZd/expert_exam_responses/new
79,5,10,10,【定着ドリル Rails】サーバーサイドを学ぼう,https://master.tech-camp.in/expert_exam_questions/vppD913wlalbrEuvv06A/expert_exam_responses/new
80,5,10,10,【定着ドリル Rails】サーバを動かしてみよう,https://master.tech-camp.in/expert_exam_questions/cqHnpelgGC0oLyfnLAQs/expert_exam_responses/new
81,5,10,10,【定着ドリル Rails】Rubyの主要なフレームワークを知ろう,https://master.tech-camp.in/expert_exam_questions/moEWftsxxiuBxWSVOjmC/expert_exam_responses/new
82,5,10,10,【定着ドリル HTML・CSS】最低限のHTMLの文法を学ぼう,https://master.tech-camp.in/expert_exam_questions/ym7AaOFxX9M4uX9rNN3K/expert_exam_responses/new
83,5,8,10,【定着ドリル HTML・CSS】最低限のCSSの文法を学ぼう,https://master.tech-camp.in/expert_exam_questions/oY6GpjnAiiTl8F0nU4QL/expert_exam_responses/new
84,5,9,10,【練習問題 Ruby on Rails】保存したデータを取得して表示しよう,https://master.tech-camp.in/expert_exam_questions/HT994TvJUB9opBsuV3u2/expert_exam_responses/new
85,5,10,10,【定着ドリル HTML・CSS】HTMLの構造を学ぼう,https://master.tech-camp.in/expert_exam_questions/mBxDw7HLDqw53JVP1YmY/expert_exam_responses/new
86,5,10,10,【定着ドリル HTML・CSS】FlexBoxの使い方を学ぼう,https://master.tech-camp.in/expert_exam_questions/1oG5F27u7IT7VL4DgvW3/expert_exam_responses/new
87,5,10,10,【定着ドリル HTML・CSS】2つの要素の間に幅を作る方法を学ぼう,https://master.tech-camp.in/expert_exam_questions/o8dDW6XkxHHeo5CVrPlh/expert_exam_responses/new
88,5,5,10,【定着ドリル HTML・CSS】要素の位置を指定する方法について振り返ろう,https://master.tech-camp.in/expert_exam_questions/GaURUwN2gqtehrkeHHzH/expert_exam_responses/new
89,5,10,10,【定着ドリル HTML・CSS】画像の表示について学ぼう,https://master.tech-camp.in/expert_exam_questions/laolRQXEkZRfxLEz72gZ/expert_exam_responses/new
90,5,10,10,【定着ドリル HTML・CSS】フォームの実装について学ぼう,https://master.tech-camp.in/expert_exam_questions/wZP8qBUOoIos13ABGdUr/expert_exam_responses/new
91,5,10,10,【定着ドリル HTML・CSS】基本のWebページを作ろう,https://master.tech-camp.in/expert_exam_questions/mTAwfD3iKXBi4bVIzRHp/expert_exam_responses/new
92,5,10,10,【定着ドリル Rails】Webアプリケーションの雛形を作ろう,https://master.tech-camp.in/expert_exam_questions/9lYOIWJ4HKLVPEJ7KL0n/expert_exam_responses/new
93,5,10,10,【定着ドリル Rails】データの保存場所と管理役を作ろう,https://master.tech-camp.in/expert_exam_questions/wW7jiTfcawersBeBOWcn/expert_exam_responses/new
94,5,10,10,【定着ドリル Rails】データを保存しよう,https://master.tech-camp.in/expert_exam_questions/DgXC2u5gyLVpWedS9UN8/expert_exam_responses/new
95,5,10,10,【定着ドリル CLI操作とLinuxコマンド】ターミナルによるCLI操作を学ぼう,https://master.tech-camp.in/expert_exam_questions/Ryz68080axuxzf7YYXmF/expert_exam_responses/new
96,5,10,10,【定着ドリル CLI操作とLinuxコマンド】Linuxコマンドについて学ぼう,https://master.tech-camp.in/expert_exam_questions/EshXSru0CUraex5dhzcU/expert_exam_responses/new
97,5,10,10,【定着ドリル Ruby】プログラミング言語に触れてみよう,https://master.tech-camp.in/expert_exam_questions/mJclqbYQUyrzdQBaJTSD/expert_exam_responses/new
98,4,10,10,【定着ドリル Ruby】文字列と数値を使おう,https://master.tech-camp.in/expert_exam_questions/wVfaBiQ9FAvI4aHnUvsd/expert_exam_responses/new
99,5,10,10,【定着ドリル Ruby】値に名前をつけて使おう,https://master.tech-camp.in/expert_exam_questions/n7Ptxe8uXw9XC7kNNyJm/expert_exam_responses/new
100,5,10,10,【定着ドリル Ruby】ターミナルで入力と出力をしよう,https://master.tech-camp.in/expert_exam_questions/UKAQsXgR6RKsQELvKBxx/expert_exam_responses/new
101,5,10,10,【定着ドリル Ruby】情報を順番に管理して1つにまとめよう,https://master.tech-camp.in/expert_exam_questions/cEw3Rrd17uHsl0UTZnCn/expert_exam_responses/new
102,5,10,10,【定着ドリル Rails】保存したデータを取得して表示しよう,https://master.tech-camp.in/expert_exam_questions/QMVTQ1scfSANnNSyH5D8/expert_exam_responses/new
103,5,10,10,【定着ドリル Rails】リクエストに対応する処理を決めよう,https://master.tech-camp.in/expert_exam_questions/tKUGHnGuvSVTWiu6QzeR/expert_exam_responses/new
104,5,4,10,【定着ドリル Rails】リクエストに対応する処理を作ろう,https://master.tech-camp.in/expert_exam_questions/Zop7lUaFyPzHI3ccIdsg/expert_exam_responses/new
105,5,8,10,【定着ドリル Rails】レスポンスに使う見た目を作ろう,https://master.tech-camp.in/expert_exam_questions/CtICDsONaertmcVHV9Lx/expert_exam_responses/new
106,3,7,10,【練習問題 Ruby on Rails】フォームを追加しよう,https://master.tech-camp.in/expert_exam_questions/wexvkqupvzEwcQJPWVGj/expert_exam_responses/new
107,5,5,10,【練習問題 Ruby on Rails】フォームから送信されたデータを保存しよう,https://master.tech-camp.in/expert_exam_questions/8s9bFGvNazJ2otP6KHBu/expert_exam_responses/new
108,1,62,100,テックキャンプ基礎中間試験_エンジニア転職（基礎）ver.3.0.0,https://master.tech-camp.in/expert_exam_questions/l95JcrTWNsZWYTHerZkL/expert_exam_responses/new
109,4,10,10,【定着ドリル】 HTMLとCSSの役割,https://master.tech-camp.in/expert_exam_questions/unWVnK7HYyvGaVzBKOJc/expert_exam_responses/new
110,5,10,10,【定着ドリル Ruby】複数の値に名前をつけて1つにまとめる,https://master.tech-camp.in/expert_exam_questions/7QsBa5dQ6zn7CGrWTmOo/expert_exam_responses/new
111,5,10,10,【定着ドリル Ruby】条件分岐をしよう,https://master.tech-camp.in/expert_exam_questions/SPphhanRGFChv7lf4ama/expert_exam_responses/new
112,5,10,10,【定着ドリル Ruby】繰り返し処理をしよう,https://master.tech-camp.in/expert_exam_questions/MPQae2mXMkh1nAIPYXqq/expert_exam_responses/new
113,3,10,10,【定着ドリル Ruby】処理に名前をつけて使おう,https://master.tech-camp.in/expert_exam_questions/xGkuLwH45jF4DDCpFGoP/expert_exam_responses/new
114,4,10,10,【定着ドリル Rails】データの元となる設計図を作ろう,https://master.tech-camp.in/expert_exam_questions/NZ1BAJeiXE3ExIFqzloz/expert_exam_responses/new
115,5,7,10,【定着ドリル Ruby】クラスとインスタンスを使って実装しよう,https://master.tech-camp.in/expert_exam_questions/olCJ2Qow3A3oJyyS8xYU/expert_exam_responses/new
116,1,92,100,テックキャンプ基礎本試験_エンジニア転職（基礎）ver.3.0.0,https://master.tech-camp.in/expert_exam_questions/xSyuRHTEQc9zT0ZlVhip/expert_exam_responses/new
117,4,10,10,【定着ドリル Rails】Webアプリケーションの概要を学ぼう,https://master.tech-camp.in/expert_exam_questions/CwNw89bVWekM93G3Igjb/expert_exam_responses/new
118,5,10,10,【定着ドリル Rails】リクエストとレスポンスを学ぼう,https://master.tech-camp.in/expert_exam_questions/2ZCqTaS87RpJses6yxZd/expert_exam_responses/new
119,5,0,10,【定着ドリル Rails】サーバーサイドを学ぼう,https://master.tech-camp.in/expert_exam_questions/vppD913wlalbrEuvv06A/expert_exam_responses/new
120,5,10,10,【定着ドリル Rails】サーバを動かしてみよう,https://master.tech-camp.in/expert_exam_questions/cqHnpelgGC0oLyfnLAQs/expert_exam_responses/new
121,5,10,10,【定着ドリル Rails】Rubyの主要なフレームワークを知ろう,https://master.tech-camp.in/expert_exam_questions/moEWftsxxiuBxWSVOjmC/expert_exam_responses/new
122,3,10,10,【定着ドリル Rails】フォームを追加しよう,https://master.tech-camp.in/expert_exam_questions/BntLc6VTk5Ze3VNuvS1M/expert_exam_responses/new
123,3,5,10,【定着ドリル Rails】フォームから送信されたデータを保存しよう,https://master.tech-camp.in/expert_exam_questions/kru2RcfRHGwqJBnH85KH/expert_exam_responses/new
124,5,10,10,【定着ドリル HTML・CSS】最低限のHTMLの文法を学ぼう,https://master.tech-camp.in/expert_exam_questions/ym7AaOFxX9M4uX9rNN3K/expert_exam_responses/new
125,5,8,10,【定着ドリル HTML・CSS】最低限のCSSの文法を学ぼう,https://master.tech-camp.in/expert_exam_questions/oY6GpjnAiiTl8F0nU4QL/expert_exam_responses/new
126,5,10,10,【定着ドリル HTML・CSS】HTMLの構造を学ぼう,https://master.tech-camp.in/expert_exam_questions/mBxDw7HLDqw53JVP1YmY/expert_exam_responses/new
127,5,10,10,【定着ドリル HTML・CSS】FlexBoxの使い方を学ぼう,https://master.tech-camp.in/expert_exam_questions/1oG5F27u7IT7VL4DgvW3/expert_exam_responses/new
128,5,10,10,【定着ドリル HTML・CSS】2つの要素の間に幅を作る方法を学ぼう,https://master.tech-camp.in/expert_exam_questions/o8dDW6XkxHHeo5CVrPlh/expert_exam_responses/new
129,5,5,10,【定着ドリル HTML・CSS】要素の位置を指定する方法について振り返ろう,https://master.tech-camp.in/expert_exam_questions/GaURUwN2gqtehrkeHHzH/expert_exam_responses/new
130,5,5,10,【定着ドリル HTML・CSS】画像の表示について学ぼう,https://master.tech-camp.in/expert_exam_questions/laolRQXEkZRfxLEz72gZ/expert_exam_responses/new
131,5,10,10,【定着ドリル HTML・CSS】フォームの実装について学ぼう,https://master.tech-camp.in/expert_exam_questions/wZP8qBUOoIos13ABGdUr/expert_exam_responses/new
132,5,10,10,【定着ドリル HTML・CSS】基本のWebページを作ろう,https://master.tech-camp.in/expert_exam_questions/mTAwfD3iKXBi4bVIzRHp/expert_exam_responses/new
133,5,10,10,【定着ドリル Rails】Webアプリケーションの雛形を作ろう,https://master.tech-camp.in/expert_exam_questions/9lYOIWJ4HKLVPEJ7KL0n/expert_exam_responses/new
134,5,10,10,【定着ドリル Rails】リクエストに対応する処理を決めよう,https://master.tech-camp.in/expert_exam_questions/tKUGHnGuvSVTWiu6QzeR/expert_exam_responses/new
135,5,10,10,【定着ドリル Rails】リクエストに対応する処理を作ろう,https://master.tech-camp.in/expert_exam_questions/Zop7lUaFyPzHI3ccIdsg/expert_exam_responses/new
136,5,10,10,【定着ドリル Rails】レスポンスに使う見た目を作ろう,https://master.tech-camp.in/expert_exam_questions/CtICDsONaertmcVHV9Lx/expert_exam_responses/new
137,5,10,10,【定着ドリル Rails】データの保存場所と管理役を作ろう,https://master.tech-camp.in/expert_exam_questions/wW7jiTfcawersBeBOWcn/expert_exam_responses/new
138,5,10,10,【定着ドリル Rails】データを保存しよう,https://master.tech-camp.in/expert_exam_questions/DgXC2u5gyLVpWedS9UN8/expert_exam_responses/new
139,5,10,10,【定着ドリル CLI操作とLinuxコマンド】ターミナルによるCLI操作を学ぼう,https://master.tech-camp.in/expert_exam_questions/Ryz68080axuxzf7YYXmF/expert_exam_responses/new
140,5,10,10,【定着ドリル CLI操作とLinuxコマンド】Linuxコマンドについて学ぼう,https://master.tech-camp.in/expert_exam_questions/EshXSru0CUraex5dhzcU/expert_exam_responses/new
141,5,10,10,【定着ドリル Ruby】プログラミング言語に触れてみよう,https://master.tech-camp.in/expert_exam_questions/mJclqbYQUyrzdQBaJTSD/expert_exam_responses/new
142,4,8,10,【定着ドリル Ruby】文字列と数値を使おう,https://master.tech-camp.in/expert_exam_questions/wVfaBiQ9FAvI4aHnUvsd/expert_exam_responses/new
143,5,10,10,【定着ドリル Ruby】値に名前をつけて使おう,https://master.tech-camp.in/expert_exam_questions/n7Ptxe8uXw9XC7kNNyJm/expert_exam_responses/new
144,5,10,10,【定着ドリル Ruby】ターミナルで入力と出力をしよう,https://master.tech-camp.in/expert_exam_questions/UKAQsXgR6RKsQELvKBxx/expert_exam_responses/new
145,5,10,10,【定着ドリル Ruby】情報を順番に管理して1つにまとめよう,https://master.tech-camp.in/expert_exam_questions/cEw3Rrd17uHsl0UTZnCn/expert_exam_responses/new
146,5,10,10,【定着ドリル Rails】保存したデータを取得して表示しよう,https://master.tech-camp.in/expert_exam_questions/QMVTQ1scfSANnNSyH5D8/expert_exam_responses/new
147,5,10,10,【定着ドリル Ruby】複数の値に名前をつけて1つにまとめる,https://master.tech-camp.in/expert_exam_questions/7QsBa5dQ6zn7CGrWTmOo/expert_exam_responses/new
148,5,10,10,【定着ドリル Ruby】条件分岐をしよう,https://master.tech-camp.in/expert_exam_questions/SPphhanRGFChv7lf4ama/expert_exam_responses/new
149,5,7,10,【定着ドリル Ruby】繰り返し処理をしよう,https://master.tech-camp.in/expert_exam_questions/MPQae2mXMkh1nAIPYXqq/expert_exam_responses/new
150,3,10,10,【定着ドリル Ruby】処理に名前をつけて使おう,https://master.tech-camp.in/expert_exam_questions/xGkuLwH45jF4DDCpFGoP/expert_exam_responses/new
151,4,10,10,【定着ドリル Rails】データの元となる設計図を作ろう,https://master.tech-camp.in/expert_exam_questions/NZ1BAJeiXE3ExIFqzloz/expert_exam_responses/new
152,5,10,10,【定着ドリル Ruby】クラスとインスタンスを使って実装しよう,https://master.tech-camp.in/expert_exam_questions/olCJ2Qow3A3oJyyS8xYU/expert_exam_responses/new
153,4,10,10,【定着ドリル Rails】Webアプリケーションの概要を学ぼう,https://master.tech-camp.in/expert_exam_questions/CwNw89bVWekM93G3Igjb/expert_exam_responses/new
154,5,10,10,【定着ドリル Rails】リクエストとレスポンスを学ぼう,https://master.tech-camp.in/expert_exam_questions/2ZCqTaS87RpJses6yxZd/expert_exam_responses/new
155,5,0,10,【定着ドリル Rails】サーバーサイドを学ぼう,https://master.tech-camp.in/expert_exam_questions/vppD913wlalbrEuvv06A/expert_exam_responses/new
156,5,10,10,【定着ドリル Rails】サーバを動かしてみよう,https://master.tech-camp.in/expert_exam_questions/cqHnpelgGC0oLyfnLAQs/expert_exam_responses/new
157,5,10,10,【定着ドリル Rails】Rubyの主要なフレームワークを知ろう,https://master.tech-camp.in/expert_exam_questions/moEWftsxxiuBxWSVOjmC/expert_exam_responses/new
158,3,10,10,【定着ドリル Rails】フォームを追加しよう,https://master.tech-camp.in/expert_exam_questions/BntLc6VTk5Ze3VNuvS1M/expert_exam_responses/new
159,3,5,10,【定着ドリル Rails】フォームから送信されたデータを保存しよう,https://master.tech-camp.in/expert_exam_questions/kru2RcfRHGwqJBnH85KH/expert_exam_responses/new
160,5,10,10,【定着ドリル Rails】Webアプリケーションの雛形を作ろう,https://master.tech-camp.in/expert_exam_questions/9lYOIWJ4HKLVPEJ7KL0n/expert_exam_responses/new
161,5,10,10,【定着ドリル Rails】リクエストに対応する処理を決めよう,https://master.tech-camp.in/expert_exam_questions/tKUGHnGuvSVTWiu6QzeR/expert_exam_responses/new
162,5,10,10,【定着ドリル Rails】リクエストに対応する処理を作ろう,https://master.tech-camp.in/expert_exam_questions/Zop7lUaFyPzHI3ccIdsg/expert_exam_responses/new
163,5,8,10,【定着ドリル Rails】レスポンスに使う見た目を作ろう,https://master.tech-camp.in/expert_exam_questions/CtICDsONaertmcVHV9Lx/expert_exam_responses/new
164,5,8,10,【定着ドリル Rails】データの保存場所と管理役を作ろう,https://master.tech-camp.in/expert_exam_questions/wW7jiTfcawersBeBOWcn/expert_exam_responses/new
165,5,10,10,【定着ドリル Rails】データを保存しよう,https://master.tech-camp.in/expert_exam_questions/DgXC2u5gyLVpWedS9UN8/expert_exam_responses/new
166,3,0,10,エンジニア転職（応用）ver.3.0.0 Railsエラー問題1,https://master.tech-camp.in/expert_exam_questions/0CDgvSYGknCj44iEY5DO/expert_exam_responses/new
167,5,10,10,応用Lesson5_1 章末問題,https://master.tech-camp.in/expert_exam_questions/aUqaTwlJe4M6nLlMobqy/expert_exam_responses/new
168,5,10,10,【定着ドリル Rails】保存したデータを取得して表示しよう,https://master.tech-camp.in/expert_exam_questions/QMVTQ1scfSANnNSyH5D8/expert_exam_responses/new
169,3,5,10,【定着ドリル Rails】フォームを追加しよう,https://master.tech-camp.in/expert_exam_questions/BntLc6VTk5Ze3VNuvS1M/expert_exam_responses/new
170,3,10,10,【定着ドリル Rails】フォームを追加しよう,https://master.tech-camp.in/expert_exam_questions/BntLc6VTk5Ze3VNuvS1M/expert_exam_responses/new
171,3,5,10,【定着ドリル Rails】フォームから送信されたデータを保存しよう,https://master.tech-camp.in/expert_exam_questions/kru2RcfRHGwqJBnH85KH/expert_exam_responses/new
172,3,4,10,エンジニア転職（応用）ver.3.0.0 Railsエラー問題1,https://master.tech-camp.in/expert_exam_questions/0CDgvSYGknCj44iEY5DO/expert_exam_responses/new
173,5,3,10,エンジニア転職（応用）ver.3.0.0 Railsエラー問題2,https://master.tech-camp.in/expert_exam_questions/MHAXNTE7eKWmODeLiris/expert_exam_responses/new
174,3,0,10,エンジニア転職（応用）ver.3.0.0 Railsエラー問題1,https://master.tech-camp.in/expert_exam_questions/0CDgvSYGknCj44iEY5DO/expert_exam_responses/new
175,5,6,10,応用Lesson5_5 章末問題,https://master.tech-camp.in/expert_exam_questions/TKOwsa4rrQicBRmZnrCS/expert_exam_responses/new
176,5,0,10,【練習問題 Ruby on Rails】フォームから送信されたデータを保存しよう,https://master.tech-camp.in/expert_exam_questions/8s9bFGvNazJ2otP6KHBu/expert_exam_responses/new
177,3,0,10,エンジニア転職（応用）ver.3.0.0 Railsエラー問題1,https://master.tech-camp.in/expert_exam_questions/0CDgvSYGknCj44iEY5DO/expert_exam_responses/new
178,5,0,10,エンジニア転職（応用）ver.3.0.0 Railsエラー問題2,https://master.tech-camp.in/expert_exam_questions/MHAXNTE7eKWmODeLiris/expert_exam_responses/new
179,5,10,10,T_Rubyドリル 問題 1 ハッシュの基礎,https://master.tech-camp.in/expert_exam_questions/Nzg1G7ldCfnYZPDJDOTg/expert_exam_responses/new
180,5,10,10,T_Rubyドリル 問題 2 二重ハッシュ,https://master.tech-camp.in/expert_exam_questions/9YjgJlggPuNsDkJdaqF2/expert_exam_responses/new
181,5,5,10,T_Rubyドリル 問題 3 クラスとインスタンスの概念を用いたコードの作成,https://master.tech-camp.in/expert_exam_questions/RG733HfIsiYmiMLKuStM/expert_exam_responses/new
182,5,0,10,T_Rubyドリル 問題 4 特定条件のみに呼応するプログラムの作成,https://master.tech-camp.in/expert_exam_questions/0oX4EkGvPJlvvqcRPo2c/expert_exam_responses/new
183,5,5,10,T_Rubyドリル 問題 4 特定条件のみに呼応するプログラムの作成,https://master.tech-camp.in/expert_exam_questions/0oX4EkGvPJlvvqcRPo2c/expert_exam_responses/new
184,5,0,10,T_Rubyドリル 問題 5 if → unlessへの書き換え,https://master.tech-camp.in/expert_exam_questions/iRaD2MCoroi99I8OPKFC/expert_exam_responses/new
185,5,10,10,T_Rubyドリル 問題 6 繰り返し処理,https://master.tech-camp.in/expert_exam_questions/VuI6KHg9GP8ZeIfmtaGW/expert_exam_responses/new
186,5,8,10,T_Rubyドリル 問題 7 配列を利用したrubyプログラムの作成,https://master.tech-camp.in/expert_exam_questions/TICSqFzuhL8gUfbqOEDi/expert_exam_responses/new
187,5,0,10,【練習問題 Ruby】クラスとインスタンスを使って実装しよう①,https://master.tech-camp.in/expert_exam_questions/gbFN5S8l1FVrwKPBAkWw/expert_exam_responses/new
188,5,0,10,【練習問題 Ruby】クラスとインスタンスを使って実装しよう②,https://master.tech-camp.in/expert_exam_questions/DzZDt73hdsPB5mc0WYyD/expert_exam_responses/new
189,5,0,10,【練習問題 Ruby】クラスとインスタンスを使って実装しよう③,https://master.tech-camp.in/expert_exam_questions/OR5lToGvCoCj7c4spk2T/expert_exam_responses/new
190,5,10,10,T_Rubyドリル 問題 8 特定の文字列を検知するプログラムの実装,https://master.tech-camp.in/expert_exam_questions/QSFhgjMoA1XXF4yYdTlF/expert_exam_responses/new
191,5,7,10,T_Rubyドリル 問題 9 条件分岐,https://master.tech-camp.in/expert_exam_questions/N1d4aISpMJRtlCi7hJWf/expert_exam_responses/new
192,5,10,10,応用Lesson5_1 章末問題,https://master.tech-camp.in/expert_exam_questions/aUqaTwlJe4M6nLlMobqy/expert_exam_responses/new
193,5,0,10,応用Lesson5_5 章末問題,https://master.tech-camp.in/expert_exam_questions/TKOwsa4rrQicBRmZnrCS/expert_exam_responses/new
194,5,10,10,T_Rubyドリル 問題 10 eachの入れ子,https://master.tech-camp.in/expert_exam_questions/3fpHajcHCr4CL65LjmTc/expert_exam_responses/new
195,5,10,10,"T_Rubyドリル 問題 11 if,else問題",https://master.tech-camp.in/expert_exam_questions/YJbzbNWm5K5p5LRFzSNp/expert_exam_responses/new
196,5,0,10,"T_Rubyドリル 問題 11 if,else問題",https://master.tech-camp.in/expert_exam_questions/YJbzbNWm5K5p5LRFzSNp/expert_exam_responses/new
197,5,10,10,T_Rubyドリル 問題 12 インスタンスの生成,https://master.tech-camp.in/expert_exam_questions/mLomEMYv0Uv9Jf5M4Guq/expert_exam_responses/new
198,5,10,10,T_Rubyドリル 問題 13 任意の文字列を部分的に削除するプログラムの実装,https://master.tech-camp.in/expert_exam_questions/2NJdcMMi5hgW4S0yFPKe/expert_exam_responses/new
199,5,0,10,"T_Rubyドリル 問題 14 if,else問題(演算子)",https://master.tech-camp.in/expert_exam_questions/OlqlzclsXdypdUtj7CBl/expert_exam_responses/new
200,5,8,10,T_Rubyドリル 問題 15 文字数を算出するプログラムの実装,https://master.tech-camp.in/expert_exam_questions/4wzy8K307Ihao4actxTO/expert_exam_responses/new
201,5,10,10,T_Rubyドリル 問題 16 検索問題,https://master.tech-camp.in/expert_exam_questions/HN86coKllWyoIwA04UST/expert_exam_responses/new
202,5,10,10,T_Rubyドリル 問題 18 偶数値の取得,https://master.tech-camp.in/expert_exam_questions/p6rZiVCjcMqWOGwwjnU1/expert_exam_responses/new
203,5,0,10,T_Rubyドリル 問題 19 特定の数字を検知するプログラムの実装,https://master.tech-camp.in/expert_exam_questions/FD1l0F73xtA7kgXTMkm0/expert_exam_responses/new
204,5,10,10,"T_Rubyドリル 問題 20 if,else問題",https://master.tech-camp.in/expert_exam_questions/DEF8DKPVoghpygOdBCln/expert_exam_responses/new
205,5,10,10,T_Rubyドリル 問題 21 簡単な計算を行うRubyプログラムの作成,https://master.tech-camp.in/expert_exam_questions/p5iWHVqvuzCKnUQKLHvz/expert_exam_responses/new
206,5,7,10,T_Rubyドリル 問題 22 末尾の文字列を3回出力するプログラムの実装,https://master.tech-camp.in/expert_exam_questions/03FUiETAv0x2NYHyjeI5/expert_exam_responses/new
207,5,10,10,"T_Rubyドリル 問題 23 if,else問題",https://master.tech-camp.in/expert_exam_questions/dwdMi2f6OWA8HVYdKvDp/expert_exam_responses/new
208,5,9,10,"T_Rubyドリル 問題 24 if,else問題",https://master.tech-camp.in/expert_exam_questions/OgnMmgb0qhLuANBdpU6c/expert_exam_responses/new
209,5,10,10,T_Rubyドリル 問題 25 FizzBuzz問題,https://master.tech-camp.in/expert_exam_questions/MBnEmQHle7wx5AbPqdO7/expert_exam_responses/new
210,5,8,10,T_Rubyドリル 問題 26 2つの文字列の末尾に対して一致・不一致を判断するプログラムの実装,https://master.tech-camp.in/expert_exam_questions/R4OqbFe0nVDBDRBk5ZgW/expert_exam_responses/new
211,5,10,10,"T_Rubyドリル 問題 27 if,else問題",https://master.tech-camp.in/expert_exam_questions/Wzq8m33j6BoTxnkLWdRg/expert_exam_responses/new
212,5,10,10,T_Rubyドリル 問題 28 預金システムのアルゴリズム問題,https://master.tech-camp.in/expert_exam_questions/wb6N0KykHFmos4KZ3MpP/expert_exam_responses/new
213,5,5,10,T_Rubyドリル 問題 29 配列に格納された数値の合計値を算出するプログラムの実装,https://master.tech-camp.in/expert_exam_questions/Ou7nLFunnvSPpTrPyTm4/expert_exam_responses/new
214,5,5,10,T_Rubyドリル 問題 30 rubyの検索問題,https://master.tech-camp.in/expert_exam_questions/yZJ6IgwZSAP1YRX8AYVF/expert_exam_responses/new
